FUNCIONÁRIO;Validade SESMT;NR10;NR12;NR18;NR33;NR35;NR11;PEMT – PTA;ASO
ANDERSON LUIZ DA ROSA;12/08/2026;;;;;;;;31/07/2026
BACILIO CHACON PAEZ;12/08/2026;;;;;;;;31/07/2026
YOSNAIDER DANIEL CHACON CHAVEZ;12/08/2026;;;;;;;;31/07/2026
JEFERSON RODRIGO T. DOS SANTOS;01/02/2026;;;;10/01/26;03/01/27;;;31/01/2026
VANESSA SIMONE KICH;01/02/2026;;;;10/01/26;03/01/27;;;30/01/2026
CRISTIANO SCHOSSLER;01/02/2026;;;;10/01/26;03/01/27;;;03/02/2026
NATAN MACHADO ALESSIO;31/01/2026;;;;;;;;08/01/2026
CARLA LISANDRA LIMA;18/12/2026;;;;;;;;14/11/26
CARLA PRISCILA DE MORAES;17/11/2026;;;;;;;;13/11/26
CHARLES LEANDRO DALLABRIDA;09/05/2026;;;;;;;;08/05/26
CRISTIANE POSSAMAI CARVALHO;08/01/2026;;;;;;;;03/01/26
FERNANDO HENRIQUE DUARTE;24/02/2026;;;;;;;;24/01/26
ISAÍAS MARIANO CARDOZO;25/06/2026;;;;;;;;23/06/26
JULIANA BECKER DA COSTA;13/08/2026;;;;;;;;07/08/26
MARIA GORETH MARTINS RODRIGUES;03/10/2026;;;;;;;;19/09/26
RUDINEI DE AZEVEDO;02/05/2026;;;;;;;;30/04/26
THAIS EDUARDA VIEIRA MENTZ;04/09/2026;;;;;;;;13/08/26
YEISINETTE DE LOS ANGELES G. CAMARAY;02/05/2026;;;;;;;;30/04/26
DJONATAN PATRICK DAMASIO;20/01/2026;06/03/26;;;;27/02/26;;;07/01/2026
EVANDRO KUSMINSKY;20/01/2026;;;;;16/03/25;;;13/01/2026
BRUNO MARCOS PAIDA;15/02/2026;;01/02/26;16/05/26;;04/08/25;;08/09/26;09/10/2025
EDEMAR JOSE PAIDA;15/02/2026;;01/02/26;21/10/26;25/10/25;26/10/26;;08/09/26;29/11/2025
TAILINE EMANUELE BISPO BLATT;14/02/2026;;;;;22/07/26;;;04/11/2025
TATIANE FABÍOLA DA SILVA DE MOURA ;17/02/2026;;;;;22/07/26;;;01/10/2025
CLEOTON BRUNO LIMA GONÇALVES;20/01/2026;25/11/26;;;;09/03/25;;31/08/25;29/10/2025
MURILO CARVALHO DA SILVA;20/01/2026;05/07/25;;;;18/09/26;;03/12/26;13/09/2025
ISRAEL DA SILVA WOLF;26/06/2026;;;;;;;;23/08/2024
ACHYLLES PEREIRA BRITO SEVERO;19/11/2026;;;;;25/10/27;;;29/09/2026
ANGELO MARGREFF;19/02/2026;;;;;28/02/27;;;18/02/2026
DENER SANYEL FREISLEBEN;06/10/2026;;;;;15/08/27;;;11/08/2026
JONAS NEULS;09/09/2026;;;;;;;;10/07/2026
LUCIANO MACHADO DA SILVA;19/11/2026;;;;;25/10/27;;;10/10/2026
ADEMIR OLIVEIRA TEIXEIRA;05/11/2026;;;;26/07/26;28/07/27;;;23/07/2026
AUGUSTO MORSCHBACHER;05/11/2026;;;;14/08/26;15/08/27;;;18/11/2025
EDENIR OLIVEIRA ROCKENBACH TEIXEIRA;05/11/2026;;;;14/08/26;15/08/27;;;28/07/2026
GUILHERME DA SILVA KLAFKI;12/12/2026;;;;14/08/26;15/08/27;;;02/04/2026
GILBERTO MANOEL PEREIRA;01/03/2026;;;;;;;;24/01/2026
JOELMIR HENRIQUE KRICINSKI;05/04/2026;;;;;;;;07/11/2025
LUIZ FERNANDO MACKOWIAK;01/03/2026;;;;;;;;24/01/2026
MAICO RODRIGO MACHADO;25/03/2026;;;;;;;;17/03/2026
ALISSON SILVA DOS SANTOS;10/10/2026;;;;;20/05/26;;;09/10/2026
EDDY BRAULIO SOCA RICARDO;11/11/2026;;;;29/10/26;30/10/27;;;07/11/2026
LUCIANO DANIEL QUOOS;23/01/2026;;;;10/12/25;10/01/27;;;22/01/2026
RAFAELTAVARES DE LIRA;11/01/2026;16/12/26;;;;30/10/26;;;21/10/2025
GABRIEL EDU NUNES;03/12/2026;15/12/27;;;;;;;09/12/2026
JERRY JADIR GIONDO;13/11/2026;;;;;;;;01/09/2026
THIAGO SULSBACH;28/01/2026;31/07/26;;;;29/10/26;;;04/11/2026
LUCIANO STEINMEIER;03/04/2026;17/07/26;;;;;;;21/06/2025
LUCIANO KALKAMANN;19/02/2026;NR 35 22/02/22;;;;;;;23/02/2024
DAVI GOMES BOER;22/07/2026;17/04/27;;;;;;;18/03/2026
EMANUEL FERREIRA CANAVEZI;29/09/2026;;;;;;;;18/0/2026
LUIZ FILIPE ANGELI;10/12/2026;;;;;;;;15/09/2026
EMANUEL WILLIAM MEDEIROS  ;09/01/2026;;;;;;;;11/03/2025
GABRIEL DOS SANTOS PETRY;19/11/2026;21/04/27;;;07/11/25;22/04/27;;;06/04/2027
WILLIAM BUENO SCHWANCK;09/09/2026;21/04/27;;;02/08/25;22/04/27;;;09/04/2027
BRUNO HARTMANN;26/07/2026;13/12/26;;;;27/11/26;;;12/11/2025
HELDER MARTINS MACHADO;14/04/2026;junho-27;;;;junho-27;;;
RODRIGO DOS SANTOS;12/03/2026;;;;;;;;05/05/2024
WELITON DA SILVA LIPERTI;24/04/2026;11/04/27;;;;14/04/27;;;03/04/2026
WESLEY ALVES DA ROCHA;16/08/2026;14/04/26;;;;;;;02/04/2026
DIOGO FREISLENBEN;03/09/2026;;;;;;;;21/01/2027
ALESSANDRO MULLER;09/04/2026;;;;;;;;15/04/2027
MAICK GONÇALVES MARQUES;17/09/2026;;;;;;;;03/09/2026
ED CARLOS NEVES PEREIRA;15/04/2026;21/06/26;;;;;;;17/04/2026
LAURESTO DE CARVALHO NETO;15/04/2026;21/06/26;;;;;;;17/04/2026
RODRIGO LINCK;19/11/2026;;;;;;;;07/04/2026
MARCELO JAIME DANIEL ANHANНА;19/11/2026;;;;;;;;05/09/2026
ERIC EGON DE MELLO;22/03/2026;;;;;07/02/27;;;07/01/2026
DARIO TEN CATE;22/03/2026;;;;;25/10/26;;;01/08/2026
CARLOS EDUARDO KONIG ECKERT;20/03/2026;01/05/26;;;;;;;04/09/2026
EDUARDO BATISTA PICOLOTTO;13/05/2026;;;;;;;;01/11/2025
ALEX ROBERTO MARTINS FERREIRA;25/06/2026;;;;;;;;10/04/2026
CARLOS HENRIQUE FAUSTO DE MATOS;28/07/2026;;;;;;;;19/02/2026
EGON ZWIRTES;01/05/2026;;;;;;;;24/09/2025
FELIPE DA ROSA HENRIQUES;07/11/2026;;;;;;;;06/05/2026
FERNANDO RIESE;28/07/2026;;;;;;;;14/05/2026
GUILHERME SILVEIRA OLIVEIRA;30/10/2026;;;;;18/08/27;;;04/08/2026
JARI UBIRAJARA DE CARVALHO;28/07/2026;;;;;;;;25/04/2026
JOHNATAN GRABIN DE LIMA;01/05/2026;;;;;;;;09/12/2025
JONATAS ALMEIDA;28/07/2026;;;;;;;;24/01/2026
LEONARDO PRADO DE FREITAS;28/07/2026;;;;;;;;16/05/2026
MARCOS LUAN  DOS SANTOS RODRIGUES;20/06/2026;;;;;;;;15/05/2026
MISAEL DIAS ALMEIDA;01/05/2026;;;;;;;;21/08/2025
JULIANO DE SOUZA;04/01/2026;;;;;;;;18/07/2026
LUAN IVANDISON DOS REIS ATKINSON;16/01/2026;;;;;17/03/25;;;19/04/2025
ARGEL AFONSO KREIN;25/06/2026;NR 35 16/02/23  NR 18  22/03/23;;;;;;;
LEONARDO ANTONIO DOS SANTOS;18/08/2026;NR 35 16/02/23   NR 18  22/03/23;;;;;;;20/04/2024
RAFAEL HERMES;25/06/2026;NR 35 16/02/23   NR 18  22/03/23;;;;;;;
RICARDO SCHULER;19/09/2026;;12/08/26;08/05/26;10/05/25;13/05/26;;;07/08/2026
 EMERSON RYAN DA SILVA ECKHARDT;17/09/2026;;;;;agosto-27;;;27/08/2026
JEAN RAFAEL ROHDE VON NXUHLE;12/09/2026;;;;;agosto-27;;;28/08/2026
LAERCIO SUPREMO ALTEMANN;08/03/2026;;;;;outubro-25;;;04/11/2025
VINiCIUS DA SILVA CARDOSO;17/11/2026;;;;;outubro-27;;;20/10/2026
MARCELO CAMARGO DA MATTA;27/05/2026;16/05/27;19/05/26;19/05/27;;20/05/27;;;29/04/2026
WESLEI ALAN GOLDMEIER;27/05/2026;07/05/27;29/04/26;;;30/04/27;;;23/04/2026
ADRIANA OTTO;07/07/2026;;;;;;;;
EDEMIR PADICHELLO;13/06/2026;;;;;;;;23/06/2026
FERNANDO ARIEL DOS SANTOS;10/03/2026;;;;;;;;13/02/2026
GABRIELA LAIS SCHNEIDER.;08/09/2026;;;;;;;;11/05/2027
GENI VERDUM DA SILVA;08/09/2026;;;;;;;;01/09/2026
MARILSE DE APIAIM ZIMERMANN;24/02/2026;;;;;;;;19/02/2026
NELI DE MIRANDA;11/08/2026;;;;;;;;05/08/2026
MATHEUS LIMA DA SILVA;04/06/2026;;;;;15/02/27;;;26/02/26
SANDRO MACHADO SENA;10/01/2026;;;;;;;;
EDUARDO KEHL MARINI MORESCHI;11/08/2026;;;;;;;;09/07/2027
SAMIR IVAN SOZIO;11/08/2026;;;;;;;;15/12/2026
PAULO CESAR MENGUE DA SILVEIRA;11/10/2026;24/09/26;;;;;;;02/04/2026
VALNEI KOHLRAUSCH SIQUEIRA;11/10/2026;06/03/27;;;;;;;25/02/2027
ARLEI VALCANTIM GASPAR;26/06/2026;;;;;;;;08/10/2025
LUCAS BERNARDO DE TUNES LABRES;21/06/2026;;;;;;;;29/05/2026
MARIO ANTONIO DA SILVA;03/11/2026;;;;;junho-27;;;29/05/2026
MAICO EZEQUIEL HAUSCHILD;13/03/2026;;27/10/26;13/08/27;NR20: 25/04/24;15/10/26;fevereiro-26;;30/09/2026
MARCIO LUCIANO FREISLEBEN ;01/10/2026;;27/10/26;14/08/27;;15/10/26;fevereiro-26;;08/04/2027
RONEI LEONIDAS RAMOS;19/12/2026;;;;;29/10/26;;;09/12/2026
ELVIS GOLDAS;30/05/2026;;;;;11/03/27;;13/03/27;05/03/2026
SILVANO PEREIRA DOS SANTOS;30/05/2026;;;;;06/03/26;;11/03/26;17/02/2026
BELMIRO HENRIQUE DE OLIVEIRA NETO;22/05/2026;NR 20: 04/02/26;;;26/03/26;14/04/27;;;27/03/2026
JUAN DA SILVA DOS SANTOS;22/05/2026;;;;28/03/26;31/03/27;;;28/03/2026
ADILSON LOPES DIAS;26/09/2026;;;;;;;;26/08/2026
BRYAN SOARES DA SILVA;15/02/2026;;;;;;;;17/02/2026
CLEITON ALISSON DOS SANTOS;26/09/2026;;;;;;;;31/01/2026
DIEGO LUIS BACKENDORF;15/02/2026;NR 35 29/05/21;;;;;;;19/07/2023
EMANUEL JUNIOR MACHADO;12/09/2026;;;;;08/08/26;;;09/09/2026
GABRIEL BERNARDO ANGELINI;26/09/2026;;;;;01/09/27;;;27/08/2026
LOIVO JAIR DE SOUZA;15/02/2026;;;;;;;;31/01/2026
JONATHAN OLIVEIRA DOS SANTOS;26/09/2026;;;;;01/09/27;;;29/04/2026
MATHEUS BERNARDO ANGELINI;26/03/2026;;;;;;;;25/04/2026
PAULO RICARDO CARVALHO FERNANDES;12/12/2026;;;;;;;;14/10/2025
WESLEY NATAN MARIANO RODRIGUES;07/03/2026;;;;;;;;12/02/2026
LUIZ CARLOS KIPPER;30/10/2026;;;;;;;;18/07/2026
João Vitor Kist Kipper ;30/10/2026;;;;;;;;21/02/2026
FELIPE YAN MACHADO ROSA;22/05/2026;NR20: 22/01/26;12/12/25;07/04/27;04/04/26;;;;25/09/25
HELDER CARDOSO LOPES;22/05/2026;NR20: 22/01/26;12/12/25;07/04/27;04/04/26;;;;28/03/26
RUBENS MARCELO PINHEIRO DIAS;25/03/2026;;;;;;;;12/03/2026
WESLLEI MARTINS PEREIRA;26/05/2026;;;;;;;;18/03/2026
RICARDO WILLIAM DE BARROS;17/03/2026;;;;;;;;26/04/25
TAILOR PEIXOTO PEREIRA;16/08/2026;;;;setembro-25;maio-27;;;03/09/2026
ANGELO MARCELO HEINECK;22/01/2026;;;;outubro-25;dezembro-26;;;17/03/2026
 ERICSON MATEUS BECKER;03/12/2026;;;;novembro-26;novembro-27;;;28/10/2026
Marcelo Heineck;22/01/2026;;;;;;;;
LUCAS MAHLE;13/10/2026;;;;setembro-26;dezembro-26;;;02/06/2027
LUCAS KREUTZ;13/10/2026;;;;;dezembro-26;;;10/04/2026
MARCELO DO NASCIMENTO MARTINS;29/03/2026;;;;;;;;25/03/2026
EDUARDO DE OLIVEIRA ALVES;09/07/2026;;;;;;;;11/12/2026
GUILHERME ALVES DA SILVA;26/06/2026;;;;;;;;11/12/2026
JONATAN DEIVID RIBEIRO GAVIÃO;26/06/2026;;;;;;;;11/12/2026
FLADIMIR FERNANDO HEINECK;02/05/26;03/02/27;;;03/02/26;;;;22/01/2026
VILMAR DOS REIS DOS SANTOS;02/05/26;27/01/27;;;;;;;17/01/2026
DIOGO E. EGGERS;07/07/2026;;;;;março-27;;;25/04/2026
MICHEL LIMA SCHMITT;25/08/2026;;;;junho-26;março-27;;;18/02//2026
TADEU RODRIGUES SOARES;28/04/2026;;;;;março-27;;;29/07/2026
WILLIAN MIRANDA;07/10/2026;;;;;;;;
MARCIO ALEXANDRE LEITES;26/05/2026;12/03/26;;13/03/26;;14/03/26;;;25/10/2025
ALTEMIR LEMOS;11/06/2026;20/03/27;21/03/26;20/03/27;;21/03/27;;;19/03/2026
EDUARDO POCAHY;01/08/2026;17/03/25;;;;;;;08/05/2025
FELIPE SAMUEL SPECHT;28/01/2026;07/03/27;;;;07/03/27;;;08/01/2026
ISAAC JOSUE REIS;17/09/2026;;;;;;;;22/07/2025
MATHEUS GASS JORDAN;01/08/2026;02/12/26;06/03/26;;;05/12/26;;;02/12/2025
TIAGO HENRIQUE DA SILVA;28/01/2026;28/03/27;06/03/26;;;21/03/27;;;08/01/2026
JULIANO POZADA DA SILVA;28/11/2026;;;;;;;;14/11/2026
ADEMAR DOS REIS;28/11/2026;;;;;;;;06/11/2026
IGOR JOSÉ DA SILVA POLIS;23/04/2026;03/03/27;;;;06/03/27;;;06/03/2026
LUIZ PAULO BEN;01/02/2026;04/03/24;;;;03/03/24;;;28/02/2024
MATHEUS LUIS ROHR;01/02/2026;;;;;28/01/24;;;28/03/2024
RODRIGO JOSÉ NEUKAMP;16/04/2026;04/12/25;;27/04/26;;05/03/26;;;03/12/2025
AIRTON CRISTIANO LENZ;10/09/2026;;;;;;;;17/04/2026
AMANDIO DE JESUS RIBEIRO DE QUADROS;09/09/2026;;;;;;;;16/04/2026
GEAN MACIEL MACHADO;09/09/2026;NR 10  07/03/27 ;;;;;;;16/04/2026
LORIVALDO MARQUES DA SILVA;10/09/2026;;;;;;;;14/04/2026
MAICO DIEGO HAACK;09/09/2026;;;;;;;;16/04/2026
GEONE CARLO VIANA LEVANDOSKI;12/04/2026;;;;15/05/26;28/05/26;;;10/11/2026
GUSTAVO JORGE DA ROSA TEIXEIRA ;11/10/2026;;;;03/02/27;29/08/26;;;08/04/2026
LANTIERRE RIOS CARVALHO;12/04/2026;;;;26/06/25;03/07/25;;;16/12/2025
GABRIEL ANTONIO WOLF;01/10/2026;;;;26/09/26;29/09/27;;;25/09/2026
JOSÉ CLOTILDO DOS SANTOS;08/08/2026;;;;12/08/26;24/08/26;;;24/07/2026
RAFAEL VINICIUS VIANA CAPPELLI;24/04/2026;;;;16/07/26;24/07/26;;;03/07/2026
ALEXANDRE WILDNER;19/02/2026;NR 18 27/07/23   NR 35  27/07/23;;;;;;;01/09/2024
MÁRCIO ROGÉRIO DE SOUZA;05/07/2026;07/04/28;;;18/11/26;19/11/27;;;28/10/2026
ALEXSANDRO KIEWEL;24/02/2026;NR34: 06/06/25;28/05/25;29/05/26;31/05/25;03/06/26;;05/06/26;07/06/2025
ANTONIO AUGUSTO LOPES DA ROSA;24/02/2026;NR34: 19/02/26;13/02/26;14/02/27;17/02/26;;;20/02/27;11/02/2026
EMERSON CARDOSO PINTO;10/01/2026;;23/01/25;24/01/26;25/01/25;26/01/26;;30/01/25;31/01/2025
EMERSON CARVALHO COUTINHO;03/02/2026;;14/01/26;15/01/27;17/01/26;18/01/27;;22/01/27;27/01/2026
GIOVANI NUNES DOS SANTOS;03/01/2026;;03/12/25;04/12/26;05/12/25;06/12/26;;09/12/25;17/12/2025
ALEX GALLAS KRANZ;07/05/2026;;;;;;;;
ALESSANDRO DO NASCIMENTO DOERR;19/12/2026;;19/11/26;17/11/27;;;;;17/11/2026
ANGELO WESLEY LIMA RODRIGUES;12/04/2026;;28/08/25;26/08/26;;;;;29/08/2025
CLEBER RICARDO KELLER;19/12/2026;;19/02/26;17/02/27;;;;;28/02/2026
ELIO KRZYZANIAK GANZER;12/04/2026;;27/11/26;24/11/27;;;;;24/11/2026
GILBERTO CLOVIS DA CRUZ ;19/12/2026;;10/09/26;08/09/27;;;;;12/09/2026
GUILHERME DE MORAES;19/12/2026;;04/12/26;02/12/27;;;;;05/12/2026
JOÃO VITOR DA SILVA DOER;12/04/2026;;16/07/26;14/07/27;;;;;04/08/2026
JOSÉ DA CONCEIÇÃO NEVES;19/12/2026;;04/06/26;02/06/27;;;;;28/02/2026
KEVIN WILIE OLIVEIRA DIAS;19/12/2026;;18/08/26;14/08/27;;;;;18/08/2026
MARCIO ANDRÉ DE MELLO;19/12/2026;;19/11/26;17/11/27;;;;;17/11/2026
EDUARDO HENRIQUE ECKARDT;26/06/2026;26/09/27;;16/10/26;;26/01/28;;;25/03/2026
EVERTON ANDREI DA MOTTA;09/06/2026;28/06/25;;;;;;;03/04/2026
LUCAS BARBIERI DE ALMEIDA;27/06/2026;;;;;31/03/27;;;10/06/2026
ANDRÉ DE ALMEIDA GOMES;29/12/2026;11/12/25;;;;05/08/27;;;30/07/2026
LUIS ALEXANDRE DA SILVA PEREIRA;15/02/2026;NR 11 27/01/25;;;;11/07/23;;;01/02/2025
MAICON ALTAIR MARQUES ;22/11/2026;;;;;26/08/27;;;28/08/2026
MARISSON EUGENIO MORAIS;22/11/2026;NR 11 23/07/25;;;06/07/26;23/03/28;;;24/02/2027
PEDRO MORAES DO COITO;22/11/2026;;;;;13/06/27;;;23/06/26
SUSANA LUISE LANGUE;28/07/2026;14/09/26;;;08/08/26;NÃO TEM;;14/09/26;13/03/27
VINICIUS ROBERTO DOS SANTOS;01/10/2026;;;;;27/02/28;;;24/09/26
WILLIAN REINOLD SPIECKERT;03/12/2026;;;12/06/28;;10/07/28;;;19/11/26
NATALIA FIRNKES;24/03/2026;;;;;;;;14/02/25
CASSIO AUGUSTO GEIB;05/04/2026;;;;;;;;08/11/25
LUIZ FELLIPE DA COSTA SOUZA;29/09/2026;25/09/27;;;;;;;23/09/26
MATHEUS DO PRADO;24/09/2026;15/09/27;;;;;;;23/09/26
GRAZIELA BIANCHETTI;28/10/2026;;;;;;;;14/08/26
SANDRO LAZZAROTTO;28/10/2026;;;;;;;;19/03/26
MATEUS RODRIGUES DA LUZ;20/10/2026;09/07/27;;;;27/06/27;;;12/03/26
RODRIGO ANDRÉ IMMICH;20/10/2026;13/02/26;;;;30/01/26;;;07/04/26
AFFONSO KONZEN SIEBENEICHLER;08/11/2026;08/03/27;;;;01/02/26;;;10/03/26
GEOVAN OTTMAR CARDOSO;08/11/2026;05/07/27;;;;17/02/27;;;09/06/26
JEAN EUGENIO CARDOSO;08/11/2026;08/03/27;;;;10/07/26;;;29/09/26
RICHARD ENRIQUE MALAVE;08/11/2026;05/07/27;;;;12/04/26;;;16/12/25
SAVIO HENRIQUE MARQUES PEREIRA;08/11/2026;05/07/27;;;;27/05/27;;;05/06/26
MARCO ANTONIO BOSCAINI LACERDA;08/11/2026;03/03/27;;;;30/09/26;;;14/04/26
TIAGO LUFT;08/11/2026;05/07/27;;;;;;;17/06/26
DIEGO SANTOS FRANCISCO;22/12/2026;;;09/10/27;;30/10/27;;;15/10/26
DOUGLAS SOARES MACHADO;20/12/2026;;;09/10/27;;30/10/27;;;15/10/26
MICHEL HENRIQUE CASARIL;20/12/2026;;;09/10/27;;30/10/27;;;13/10/26
GUSTAVO VARGAS;05/12/2026;;;;;;;;30/07/26
VITOR DE CASTRO MACHRY;22/12/2026;;;;;27/01/28;;;10/12/26
FLAVIO DA SILVA RITTES;26/08/2026;;;;;;;;18/11/2026
GABRIEL PINTO BIASI;04/12/2026;;;;;;;;18/11/2026
MATEUS LUCAS DA SILVA FERREIRA DE SOUZA;09/12/2026;novembro-27;;;;;;;27/10/2026
WAGNER ANGELO GEDDO;09/12/2026;;;;;;;;16/12/2025
